itemid,label,fluid,category,loinc_code
52016,Abz,Blood,Blood Gas,
52017,"Albumin, Blood",Blood,Blood Gas,
50801,Alveolar-arterial Gradient,Blood,Blood Gas,
52018,Assist/Control,Blood,Blood Gas,
50802,Base Excess,Blood,Blood Gas,
50803,"Calculated Bicarbonate, Whole Blood",Blood,Blood Gas,
50804,Calculated Total CO2,Blood,Blood Gas,
50805,Carboxyhemoglobin,Blood,Blood Gas,
50806,"Chloride, Whole Blood",Blood,Blood Gas,
52429,"Chloride, Whole Blood",Blood,Blood Gas,
50807,Comments,Blood,Blood Gas,
52019,"Creatinine, Whole Blood",Blood,Blood Gas,
52020,Delete,Blood,Blood Gas,
52021,Estimated GFR (MDRD equation),Blood,Blood Gas,
50808,Free Calcium,Blood,Blood Gas,
50809,Glucose,Blood,Blood Gas,
52022,"Glucose, Whole Blood",Blood,Blood Gas,
52023,Hematocrit,Blood,Blood Gas,
50810,"Hematocrit, Calculated",Blood,Blood Gas,
50811,Hemoglobin,Blood,Blood Gas,
50812,Intubated,Blood,Blood Gas,
52024,% Ionized Calcium,Blood,Blood Gas,
50813,Lactate,Blood,Blood Gas,
52437,Lactate,Blood,Blood Gas,
52025,Lithium,Blood,Blood Gas,
50814,Methemoglobin,Blood,Blood Gas,
50815,O2 Flow,Blood,Blood Gas,
52026,Osmolality,Blood,Blood Gas,
50816,Oxygen,Blood,Blood Gas,
50817,Oxygen Saturation,Blood,Blood Gas,
52027,P50 of Hemoglobin,Blood,Blood Gas,
50818,pCO2,Blood,Blood Gas,
50819,PEEP,Blood,Blood Gas,
50820,pH,Blood,Blood Gas,
50821,pO2,Blood,Blood Gas,
50822,"Potassium, Whole Blood",Blood,Blood Gas,
52447,"Potassium, Whole Blood",Blood,Blood Gas,
50823,Required O2,Blood,Blood Gas,
50824,"Sodium, Whole Blood",Blood,Blood Gas,
52450,"Sodium, Whole Blood",Blood,Blood Gas,
52028,Specimen Type,Blood,Blood Gas,
50825,Temperature,Blood,Blood Gas,
50826,Tidal Volume,Blood,Blood Gas,
52029,Total Calcium,Blood,Blood Gas,
52030,Total Calcium,Blood,Blood Gas,
50827,Ventilation Rate,Blood,Blood Gas,
50828,Ventilator,Blood,Blood Gas,
52031,Voided Specimen,Blood,Blood Gas,
52032,WB tCO2,Blood,Blood Gas,
52033,Base Excess,Fluid,Blood Gas,
52034,Calculated Bicarbonate,Fluid,Blood Gas,
52035,pCO2,Fluid,Blood Gas,
52036,pH,Fluid,Blood Gas,
52037,pO2,Fluid,Blood Gas,
52039,"Osmolality, Urine",Urine,Blood Gas,
52040,"pH, Urine",Urine,Blood Gas,
52041,"Potassium, Urine",Urine,Blood Gas,
52042,"Sodium, Urine",Urine,Blood Gas,
50829,Fluid Type,Other Body Fluid,Blood Gas,
50830,"pCO2, Body Fluid",Other Body Fluid,Blood Gas,
50831,pH,Other Body Fluid,Blood Gas,
50832,"pO2, Body Fluid",Other Body Fluid,Blood Gas,
50833,Potassium,Other Body Fluid,Blood Gas,
50834,"Sodium, Body Fluid",Other Body Fluid,Blood Gas,
52038,Voided Specimen,Other Body Fluid,Blood Gas,
51532,11-Deoxycorticosterone,Blood,Chemistry,
50853,25-OH Vitamin D,Blood,Chemistry,
51533,3t,Blood,Chemistry,
51534,4t,Blood,Chemistry,
51535,5' Nucleotidase,Blood,Chemistry,1690-7
50854,Absolute A1c,Blood,Chemistry,
50855,Absolute Hemoglobin,Blood,Chemistry,
51536,Absolute Lymphocyte Count,Blood,Chemistry,
51537,Absolute Neutrophil,Blood,Chemistry,
51538,Absolute Other WBC,Blood,Chemistry,
50856,Acetaminophen,Blood,Chemistry,3297-9
50857,Acetone,Blood,Chemistry,5567-3
50858,Acid Phosphatase,Blood,Chemistry,1715-2
50859,"Acid Phosphatase, Non-Prostatic",Blood,Chemistry,
51539,"Acid Phosphatase, Prostatic Fraction",Blood,Chemistry,1714-5
51540,Adrenocorticotrophic Hormone,Blood,Chemistry,6016-0
50860,"AFP, Maternal Screen",Blood,Chemistry,
51541,Afp Mom,Blood,Chemistry,
50861,Alanine Aminotransferase (ALT),Blood,Chemistry,1742-6
51542,(Albumin),Blood,Chemistry,2862-1
50862,Albumin,Blood,Chemistry,1751-7
51543,Aldosterone,Blood,Chemistry,
51544,Aldosterone,Blood,Chemistry,1763-2
50863,Alkaline Phosphatase,Blood,Chemistry,6768-6
51545,Alpha-1,Blood,Chemistry,2865-4
51546,Alpha-1-antitrypsin,Blood,Chemistry,
51547,Alpha-2,Blood,Chemistry,2868-8
50864,Alpha-Fetoprotein,Blood,Chemistry,1834-1
50865,Amikacin,Blood,Chemistry,
50866,Ammonia,Blood,Chemistry,
50867,Amylase,Blood,Chemistry,6697-7
51548,ANCA Titer,Blood,Chemistry,
50868,Anion Gap,Blood,Chemistry,1863-0
52495,Anion Gap,Blood,Chemistry,
50869,Anti-DGP (IgA/IgG),Blood,Chemistry,
51549,Anti-GBM Antibody,Blood,Chemistry,
50870,"Anti-Gliadin Antibody, IgA",Blood,Chemistry,
51550,Anti Hav,Blood,Chemistry,
51551,Anti Hbc,Blood,Chemistry,
51552,Anti Hbe,Blood,Chemistry,
51553,Anti-hbs,Blood,Chemistry,
51554,Anti Hbs,Blood,Chemistry,
51555,Anti-la,Blood,Chemistry,
51556,Anti-Microsomal Antibodies,Blood,Chemistry,5382-7
51557,Anti-Microsomal Antibody,Blood,Chemistry,8077-0
50871,Anti-Mitochondrial Antibody,Blood,Chemistry,
50872,Anti-Neutrophil Cytoplasmic Antibody,Blood,Chemistry,
50873,Anti-Nuclear Antibody,Blood,Chemistry,5047-6
50874,"Anti-Nuclear Antibody, Titer",Blood,Chemistry,8061-4
50875,Anti-Parietal Cell Antibody,Blood,Chemistry,
51558,Antirnp,Blood,Chemistry,
51559,Anti-ro,Blood,Chemistry,
51560,Anti-Skin Antibody,Blood,Chemistry,
51561,Anti-sm,Blood,Chemistry,
50876,Anti-Smooth Muscle Antibody,Blood,Chemistry,
50877,Anti-Thyroglobulin Antibodies,Blood,Chemistry,5380-1
51562,ARCH-1,Blood,Chemistry,
51563,Argon,Blood,Chemistry,
50878,Asparate Aminotransferase (AST),Blood,Chemistry,1920-8
50879,Barbiturate Screen,Blood,Chemistry,
50880,Benzodiazepine Screen,Blood,Chemistry,
51564,Beta,Blood,Chemistry,2871-2
50881,Beta-2 Microglobulin,Blood,Chemistry,
51565,Beta Hydroxybutyrate,Blood,Chemistry,
50882,Bicarbonate,Blood,Chemistry,1963-8
50883,"Bilirubin, Direct",Blood,Chemistry,1968-7
50884,"Bilirubin, Indirect",Blood,Chemistry,1971-1
51566,"Bilirubin, Neonatal",Blood,Chemistry,
51567,"Bilirubin, Neonatal, Direct",Blood,Chemistry,
51568,"Bilirubin, Neonatal, Indirect",Blood,Chemistry,
50885,"Bilirubin, Total",Blood,Chemistry,1975-2
51569,Billed,Blood,Chemistry,
51570,Bioavailable Testosterone,Blood,Chemistry,
50886,Blood Culture Hold,Blood,Chemistry,
50887,Blue Top Hold,Blood,Chemistry,
50888,Blue Top Hold Frozen,Blood,Chemistry,
51571,Bromide,Blood,Chemistry,1984-4
51572,C1 Inhibitor,Blood,Chemistry,
51573,C1q,Blood,Chemistry,
51574,C2,Blood,Chemistry,
50890,C3,Blood,Chemistry,
50891,C4,Blood,Chemistry,
51575,C5,Blood,Chemistry,
51576,C6,Blood,Chemistry,
50892,CA-125,Blood,Chemistry,
51577,CA 19-9,Blood,Chemistry,
50893,"Calcium, Total",Blood,Chemistry,2000-8
51578,Calculated CK-MB,Blood,Chemistry,
50894,Calculated Free Testosterone,Blood,Chemistry,2991-8
50895,Calculated TBG,Blood,Chemistry,3027-0
50896,Calculated Thyroxine (T4) Index,Blood,Chemistry,
50897,Call,Blood,Chemistry,
50898,Cancer Antigen 27.29,Blood,Chemistry,
50899,Carbamazepine,Blood,Chemistry,3432-2
50900,Carcinoembyronic Antigen (CEA),Blood,Chemistry,2039-6
51579,Carotene,Blood,Chemistry,
50901,Centromere,Blood,Chemistry,
51580,CH50,Blood,Chemistry,
51606,DirLst,Blood,Chemistry,
50902,Chloride,Blood,Chemistry,2075-0
52530,Chloride,Blood,Chemistry,
50904,"Cholesterol, HDL",Blood,Chemistry,2086-7
50905,"Cholesterol, LDL, Calculated",Blood,Chemistry,2090-9
50906,"Cholesterol, LDL, Measured",Blood,Chemistry,
50903,Cholesterol Ratio (Total/HDL),Blood,Chemistry,9322-9
50907,"Cholesterol, Total",Blood,Chemistry,2093-3
51581,Chol Estr,Blood,Chemistry,
51582,Chylomicrons,Blood,Chemistry,
50908,CK-MB Index,Blood,Chemistry,
51583,Clostrid,Blood,Chemistry,
51584,CMV IgG Ab,Blood,Chemistry,
51585,CMV IgG Ab Value,Blood,Chemistry,
51586,CMV IgM Ab,Blood,Chemistry,
51587,CMV IgM Ab Value,Blood,Chemistry,
51588,CMV Interpretation,Blood,Chemistry,
51589,Confirmation,Blood,Chemistry,
51590,Conj Bili,Blood,Chemistry,
51591,Copper,Blood,Chemistry,5631-7
50909,Cortisol,Blood,Chemistry,2143-6
50889,C-Reactive Protein,Blood,Chemistry,1988-5
50910,Creatine Kinase (CK),Blood,Chemistry,2157-6
51592,"Creatine Kinase, Isoenzyme BB",Blood,Chemistry,
51593,"Creatine Kinase, Isoenzyme MB",Blood,Chemistry,
51594,"Creatine Kinase, Isoenzyme MM",Blood,Chemistry,
50911,"Creatine Kinase, MB Isoenzyme",Blood,Chemistry,6773-6
50912,Creatinine,Blood,Chemistry,2160-0
52541,Creatinine,Blood,Chemistry,
50913,Cryoglobulin,Blood,Chemistry,
52543,Cryoglobulin,Blood,Chemistry,
51595,Cvhlc,Blood,Chemistry,
50914,Cyclosporin,Blood,Chemistry,3521-2
51596,Cytomegalovirus Viral Load,Blood,Chemistry,
51597,D,Blood,Chemistry,
50915,D-Dimer,Blood,Chemistry,
52546,D-Dimer,Blood,Chemistry,
51598,Delete,Blood,Chemistry,
51599,Delete,Blood,Chemistry,
51600,Delete,Blood,Chemistry,
51601,Delete,Blood,Chemistry,
51602,Delete,Blood,Chemistry,
51603,Delta/Dlt,Blood,Chemistry,
50916,DHEA-Sulfate,Blood,Chemistry,2191-5
51604,Digitoxin,Blood,Chemistry,3559-2
50917,Digoxin,Blood,Chemistry,10535-3
51605,"Dimeric Inhibin A, Maternal Screen",Blood,Chemistry,
51607,Disopyramide,Blood,Chemistry,3576-6
51608,Dlta Bili,Blood,Chemistry,
50918,Double Stranded DNA,Blood,Chemistry,
51609,Down Syndrome Risk,Blood,Chemistry,
51610,Dr. X,Blood,Chemistry,
51611,eAG,Blood,Chemistry,
50919,EDTA Hold,Blood,Chemistry,
51760,EE1,Blood,Chemistry,
51761,EE2,Blood,Chemistry,
51763,EE3,Blood,Chemistry,
51764,EE4,Blood,Chemistry,
51765,EE5,Blood,Chemistry,
51766,EE6,Blood,Chemistry,
51762,EE7,Blood,Chemistry,
51612,Epstein-Barr Virus  EBNA IgG Ab,Blood,Chemistry,
51613,Epstein-Barr Virus EBNA IgG Ab,Blood,Chemistry,
51614,Epstein-Barr Virus IgG Ab Value,Blood,Chemistry,
51615,Epstein-Barr Virus IgM Ab Value,Blood,Chemistry,
51616,Epstein-Barr Virus Interpretation,Blood,Chemistry,
51617,Epstein-Barr Virus VCA IgG Ab,Blood,Chemistry,
51618,Epstein-Barr Virus VCA IgM Ab,Blood,Chemistry,
50920,Estimated GFR (MDRD equation),Blood,Chemistry,
50921,Estradiol,Blood,Chemistry,
50922,Ethanol,Blood,Chemistry,5642-4
51619,Ethylene Glycol,Blood,Chemistry,
51620,Factor B,Blood,Chemistry,
50923,Fax,Blood,Chemistry,
50924,Ferritin,Blood,Chemistry,2276-4
51621,Fibrinogen,Blood,Chemistry,
50925,Folate,Blood,Chemistry,2284-8
52557,Folate,Blood,Chemistry,
50926,Follicle Stimulating Hormone,Blood,Chemistry,2286-3
51622,Free Calcium,Blood,Chemistry,
51623,Free Kappa,Blood,Chemistry,
51624,Free Kappa/Free Lambda Ratio,Blood,Chemistry,
51625,Free Lambda,Blood,Chemistry,
51626,Fructosamine,Blood,Chemistry,
51627,Fructosamine Plus,Blood,Chemistry,
51628,Gamma,Blood,Chemistry,2874-6
50927,Gamma Glutamyltransferase,Blood,Chemistry,2324-2
50928,Gastrin,Blood,Chemistry,2333-3
50929,Gentamicin,Blood,Chemistry,3664-0
50930,Globulin,Blood,Chemistry,2336-6
50931,Glucose,Blood,Chemistry,6777-7
52564,Glucose,Blood,Chemistry,
51629,Glycated Hemoglobin,Blood,Chemistry,
50932,Gray Top Hold (plasma),Blood,Chemistry,
50933,Green Top Hold (plasma),Blood,Chemistry,
51630,Growth Hormone,Blood,Chemistry,
50934,H,Blood,Chemistry,
50935,Haptoglobin,Blood,Chemistry,4542-7
51631,Hbeag,Blood,Chemistry,
51632,Hbsag,Blood,Chemistry,
51633,Hbsag,Blood,Chemistry,
50936,"HCG, Maternal Screen",Blood,Chemistry,
51634,"HCG, Multiples of Median",Blood,Chemistry,
51635,"HCG, Qualitative",Blood,Chemistry,2110-5
51636,Hematocrit,Blood,Chemistry,
51637,Hematocrit,Blood,Chemistry,
51638,Hemoglobin,Blood,Chemistry,
51639,Hemoglobin  A,Blood,Chemistry,
51640,Hemoglobin  A1,Blood,Chemistry,
50852,% Hemoglobin A1c,Blood,Chemistry,4548-4
51641,Hemoglobin  A2,Blood,Chemistry,
51642,Hemoglobin  C,Blood,Chemistry,
51643,"Hemoglobin, Calculated",Blood,Chemistry,
51644,Hemoglobin  F,Blood,Chemistry,
51645,Hemoglobin  S,Blood,Chemistry,
50937,Hepatitis A Virus Antibody,Blood,Chemistry,5183-9
50938,Hepatitis A Virus IgM Antibody,Blood,Chemistry,
50939,"Hepatitis B Core Antibody, IgM",Blood,Chemistry,
50940,Hepatitis B Surface Antibody,Blood,Chemistry,5193-8
50941,Hepatitis B Surface Antigen,Blood,Chemistry,5196-1
51646,Hepatitis B Viral Load,Blood,Chemistry,
50942,Hepatitis B Virus Core Antibody,Blood,Chemistry,5187-0
51647,Hepatitis B Virus E Antibody,Blood,Chemistry,5189-6
51648,Hepatitis B Virus E Antigen,Blood,Chemistry,5191-2
51649,Hepatitis C Viral Load,Blood,Chemistry,
50943,Hepatitis C Virus Antibody,Blood,Chemistry,16128-1
51650,High-Sensitivity CRP,Blood,Chemistry,
51651,HIV 1 Ab Confirmation,Blood,Chemistry,
51652,HIV 1 Viral Load,Blood,Chemistry,
51653,HIV 2 Ab Confirmation,Blood,Chemistry,
50944,HIV Antibody,Blood,Chemistry,5220-9
51654,Hlap,Blood,Chemistry,
50945,Homocysteine,Blood,Chemistry,13965-9
51655,HPE1,Blood,Chemistry,
51656,HPE2,Blood,Chemistry,
51657,HPE3,Blood,Chemistry,
51658,HPE4,Blood,Chemistry,
51659,HPE5,Blood,Chemistry,
51660,HPE6,Blood,Chemistry,
51661,HPE7,Blood,Chemistry,
51662,HPE8,Blood,Chemistry,
51663,HPE9,Blood,Chemistry,
51664,H. pylori IgG Ab,Blood,Chemistry,
51665,H. pylori IgG Ab Value,Blood,Chemistry,
51666,Hsap,Blood,Chemistry,
51667,Htlv Ab,Blood,Chemistry,
50946,Human Chorionic Gonadotropin,Blood,Chemistry,2119-6
50947,I,Blood,Chemistry,
51668,Icd9,Blood,Chemistry,
51669,IFEgel,Blood,Chemistry,
51670,Immune Complexes,Blood,Chemistry,
51671,Immunoelectrophoresis,Blood,Chemistry,
50948,Immunofixation,Blood,Chemistry,
50949,Immunoglobulin A,Blood,Chemistry,2458-8
51672,Immunoglobulin E,Blood,Chemistry,2462-0
50950,Immunoglobulin G,Blood,Chemistry,2465-3
50951,Immunoglobulin M,Blood,Chemistry,2472-9
51673,INR(PT),Blood,Chemistry,
51674,Insulin,Blood,Chemistry,
50952,Iron,Blood,Chemistry,2498-4
50953,"Iron Binding Capacity, Total",Blood,Chemistry,
51675,K (GREEN),Blood,Chemistry,
51676,L,Blood,Chemistry,
50954,Lactate Dehydrogenase (LD),Blood,Chemistry,2532-0
51677,Lap,Blood,Chemistry,
51678,"LD, Isoenzyme 1",Blood,Chemistry,
51679,"LD, Isoenzyme 2",Blood,Chemistry,
51680,"LD, Isoenzyme 3",Blood,Chemistry,
51681,"LD, Isoenzyme 4",Blood,Chemistry,
51682,"LD, Isoenzyme 5",Blood,Chemistry,
51683,Lidocaine,Blood,Chemistry,3714-3
50955,Light Green Top Hold,Blood,Chemistry,
51684,Lip2,Blood,Chemistry,
50956,Lipase,Blood,Chemistry,
51685,Lipo Electrophoresis,Blood,Chemistry,
50957,Lithium,Blood,Chemistry,3719-2
50958,Luteinizing Hormone,Blood,Chemistry,1599-0
51686,Lyme C6 Ab,Blood,Chemistry,
51687,Lyme G and M Value,Blood,Chemistry,
51688,Lymphocytes,Blood,Chemistry,
50959,Macro Prolactin,Blood,Chemistry,
50960,Magnesium,Blood,Chemistry,2601-3
51689,MCV,Blood,Chemistry,
51768,MDRDgfr,Blood,Chemistry,
50961,Methotrexate,Blood,Chemistry,
51690,"Monospot, Rapid Antigen",Blood,Chemistry,
51691,Mumps IgG Ab,Blood,Chemistry,
51692,Mumps IgG Ab Value,Blood,Chemistry,
51693,Myoglobin,Blood,Chemistry,
50962,N-Acetylprocainamide (NAPA),Blood,Chemistry,3834-9
51694,Neural Tube Defect Risk,Blood,Chemistry,
51695,Neutrophils,Blood,Chemistry,
51696,No MD,Blood,Chemistry,
51697,Not Done,Blood,Chemistry,
51698,Np-fx,Blood,Chemistry,
50963,NTproBNP,Blood,Chemistry,
51699,"Osmolality, Calculated",Blood,Chemistry,
50964,"Osmolality, Measured",Blood,Chemistry,
51770,PAN3,Blood,Chemistry,
50965,Parathyroid Hormone,Blood,Chemistry,2731-8
51700,Park,Blood,Chemistry,
51701,PEPgel,Blood,Chemistry,
50966,Phenobarbital,Blood,Chemistry,3947-9
50967,Phenytoin,Blood,Chemistry,3967-7
50968,"Phenytoin, Free",Blood,Chemistry,3969-3
50969,"Phenytoin, Percent Free",Blood,Chemistry,
50970,Phosphate,Blood,Chemistry,2777-1
51702,Platelet Count,Blood,Chemistry,
50971,Potassium,Blood,Chemistry,2823-3
52605,Potassium,Blood,Chemistry,
51703,Primidone,Blood,Chemistry,3978-4
51704,Problem Specimen,Blood,Chemistry,
50972,Procainamide,Blood,Chemistry,3982-6
51705,Progesterone,Blood,Chemistry,2839-9
50973,Prolactin,Blood,Chemistry,2842-3
50974,Prostate Specific Antigen,Blood,Chemistry,2857-1
50975,Protein Electrophoresis,Blood,Chemistry,
50976,"Protein, Total",Blood,Chemistry,2885-2
51706,Qnthbsab,Blood,Chemistry,
51707,Quantitative RPR Test,Blood,Chemistry,
50977,Quinidine,Blood,Chemistry,6694-4
50978,Rapamycin,Blood,Chemistry,
51708,Rapid Plasma Reagin Test,Blood,Chemistry,
51709,Red Blood Cells,Blood,Chemistry,
50979,Red Top Hold,Blood,Chemistry,
51710,Referred,Blood,Chemistry,
51711,Reflex Confirmatory Hepatitis C Viral Load,Blood,Chemistry,
51712,Reflex HIV Confirmation,Blood,Chemistry,
51713,Renin,Blood,Chemistry,
51714,Renin,Blood,Chemistry,2915-7
51715,Reserved,Blood,Chemistry,
51716,Reserved1,Blood,Chemistry,
51717,Reserved3,Blood,Chemistry,
51718,Reserved4,Blood,Chemistry,
51719,Reverse T3,Blood,Chemistry,
51771,RFXFRKL,Blood,Chemistry,
51772,RFXHCV,Blood,Chemistry,
51720,RFXLDLM,Blood,Chemistry,
50980,Rheumatoid Factor,Blood,Chemistry,6928-6
51721,Rubella,Blood,Chemistry,
51722,Rubella IgG Ab,Blood,Chemistry,
51723,Rubeola IgG Ab,Blood,Chemistry,
51724,Rubeola IgG Ab Value,Blood,Chemistry,
51767,RUBIgGV,Blood,Chemistry,
50981,Salicylate,Blood,Chemistry,4023-8
51725,Send Out,Blood,Chemistry,
51726,Serum B12,Blood,Chemistry,
51727,Serum B12,Blood,Chemistry,
51728,Serum Folate,Blood,Chemistry,
50982,Sex Hormone Binding Globulin,Blood,Chemistry,2942-1
51729,Single Stranded DNA,Blood,Chemistry,
50983,Sodium,Blood,Chemistry,2951-2
52618,Sodium,Blood,Chemistry,
50984,Stat,Blood,Chemistry,
50985,Study Tubes,Blood,Chemistry,
51730,STX1,Blood,Chemistry,
51731,STX2,Blood,Chemistry,
51732,STX3,Blood,Chemistry,
51733,STX4,Blood,Chemistry,
51734,STX5,Blood,Chemistry,
51735,STX6,Blood,Chemistry,
50986,tacroFK,Blood,Chemistry,
50988,Testosterone,Blood,Chemistry,2993-4
50989,"Testosterone, Free",Blood,Chemistry,2991-8
50990,Theophylline,Blood,Chemistry,4049-3
50991,Thyroglobulin,Blood,Chemistry,3013-0
51736,Thyroid Binding Globulin,Blood,Chemistry,3021-3
50992,Thyroid Peroxidase Antibodies,Blood,Chemistry,
50993,Thyroid Stimulating Hormone,Blood,Chemistry,3016-3
50994,Thyroxine (T4),Blood,Chemistry,3026-2
50995,"Thyroxine (T4), Free",Blood,Chemistry,3024-7
50996,"Tissue Transglutaminase Ab, IgA",Blood,Chemistry,
50997,Tobramycin,Blood,Chemistry,4058-4
51737,Total CO2,Blood,Chemistry,
51738,Toxic Screen,Blood,Chemistry,
51739,Toxoplasma IgG Ab,Blood,Chemistry,
51740,Toxoplasma IgG Ab Value,Blood,Chemistry,
51741,Toxoplasma IgM Ab,Blood,Chemistry,
51742,Toxoplasma IgM Ab Value,Blood,Chemistry,
51743,Toxoplasma Interpretation,Blood,Chemistry,
50998,Transferrin,Blood,Chemistry,2500-7
51744,Transferrin Saturation,Blood,Chemistry,
51745,Treponemal Antibody Test,Blood,Chemistry,
51746,Treponema pallidum (Syphilis) Ab,Blood,Chemistry,
51747,Treponema pallidum (syphilis) value,Blood,Chemistry,
50999,Tricyclic Antidepressant Screen,Blood,Chemistry,
51000,Triglycerides,Blood,Chemistry,1644-4
51001,Triiodothyronine (T3),Blood,Chemistry,3053-6
51002,Troponin I,Blood,Chemistry,10839-9
52637,Troponin I,Blood,Chemistry,
51003,Troponin T,Blood,Chemistry,6598-7
51004,"UE3, Maternal Screen",Blood,Chemistry,
51748,"UE3, Multiples of Median",Blood,Chemistry,2246-7
51749,Uncon Bil,Blood,Chemistry,
51005,Uptake Ratio,Blood,Chemistry,3050-2
51006,Urea Nitrogen,Blood,Chemistry,3094-0
52642,Urea Nitrogen,Blood,Chemistry,
51007,Uric Acid,Blood,Chemistry,3084-1
51008,Valproic Acid,Blood,Chemistry,4086-5
51009,Vancomycin,Blood,Chemistry,4091-5
51010,Vitamin B12,Blood,Chemistry,2170-9
51750,Voided Specimen,Blood,Chemistry,
51751,VZV IgG Ab,Blood,Chemistry,
51752,VZV IgG Ab Value,Blood,Chemistry,
51753,White Blood Cells,Blood,Chemistry,
51754,White Blood Cells,Blood,Chemistry,
51755,Xxx,Blood,Chemistry,
51756,Xylose,Blood,Chemistry,
51757,Z,Blood,Chemistry,
51758,Z,Blood,Chemistry,
51759,Zinc,Blood,Chemistry,5763-8
51769,,Blood,Chemistry,
51920,72 Hr Fat,Stool,Chemistry,
51921,(Albumin),Stool,Chemistry,
51922,"Albumin, Stool",Stool,Chemistry,
51923,Alpha-1,Stool,Chemistry,
51924,Alpha-2,Stool,Chemistry,
51925,"Amylase, Stool",Stool,Chemistry,
51926,Beta,Stool,Chemistry,
51061,"Bicarbonate, Stool",Stool,Chemistry,
51927,"Bilirubin, Total, Stool",Stool,Chemistry,
51928,C. diff PCR,Stool,Chemistry,
51929,C Diff Toxin Antigen Assay,Stool,Chemistry,
51949,CDT027,Stool,Chemistry,
51951,CDT027,Stool,Chemistry,
51062,"Chloride, Stool",Stool,Chemistry,
51930,"Cholesterol, Stool",Stool,Chemistry,
51931,Clostrid,Stool,Chemistry,
51932,"Creatinine, Stool",Stool,Chemistry,
51933,Cryptococ,Stool,Chemistry,
51934,Fl Scan,Stool,Chemistry,
51935,Gamma,Stool,Chemistry,
51936,"Glucose, Stool",Stool,Chemistry,
51937,"IgG, Stool",Stool,Chemistry,
51938,"Immunoelectrophoresis, Stool",Stool,Chemistry,
51939,"Lactate Dehydrogenase, Stool",Stool,Chemistry,
51940,Norovirus Genogroup I,Stool,Chemistry,54905-5
51941,Norovirus Genogroup II,Stool,Chemistry,54906-3
51942,O & P,Stool,Chemistry,
51063,"Osmolality, Stool",Stool,Chemistry,
51064,"Potassium, Stool",Stool,Chemistry,
51065,"Sodium, Stool",Stool,Chemistry,
51943,Sudan Stain,Stool,Chemistry,
51944,"Total Protein, Stool",Stool,Chemistry,
51945,"Triglycerides, Stool",Stool,Chemistry,
51946,"Urea Nitrogen, Stool",Stool,Chemistry,
51947,"Uric Acid, Stool",Stool,Chemistry,
51948,Voided Specimen,Stool,Chemistry,
51950,,Stool,Chemistry,
51952,17-Hydroxycorticosteroids,Urine,Chemistry,
51953,"17-Ketosteroids, Urine",Urine,Chemistry,
51066,24 hr Calcium,Urine,Chemistry,
51067,24 hr Creatinine,Urine,Chemistry,
51068,24 hr Protein,Urine,Chemistry,
51954,"5-HIAA, Urine",Urine,Chemistry,
51070,"Albumin/Creatinine, Urine",Urine,Chemistry,14958-3
51069,"Albumin, Urine",Urine,Chemistry,
52698,"Albumin, Urine",Urine,Chemistry,
51955,Aldolase,Urine,Chemistry,
51956,Alpha-1,Urine,Chemistry,
51957,Alpha-2,Urine,Chemistry,
51071,"Amphetamine Screen, Urine",Urine,Chemistry,
51958,Amylase/Creatinine Clearance,Urine,Chemistry,
51073,"Amylase/Creatinine Ratio, Urine",Urine,Chemistry,
51959,"Amylase, Serum",Urine,Chemistry,
51072,"Amylase, Urine",Urine,Chemistry,
51074,"Barbiturate Screen, Urine",Urine,Chemistry,3377-9
51075,"Benzodiazepine Screen, Urine",Urine,Chemistry,
51960,Beta,Urine,Chemistry,
51076,"Bicarbonate, Urine",Urine,Chemistry,1964-6
51961,Bilirubin,Urine,Chemistry,
51962,Blood,Urine,Chemistry,
51077,"Calcium, Urine",Urine,Chemistry,2004-0
51963,Camp,Urine,Chemistry,
51964,"Catecholamines, Urine",Urine,Chemistry,
51965,Cben,Urine,Chemistry,
51966,Ccoc,Urine,Chemistry,
51967,Chlamydia trachomatis,Urine,Chemistry,
51078,"Chloride, Urine",Urine,Chemistry,2078-4
51079,"Cocaine, Urine",Urine,Chemistry,
51968,Copi,Urine,Chemistry,
51969,"Copper, Urine",Urine,Chemistry,
51970,Coproporphyrins,Urine,Chemistry,
51971,"Cortisol, Urine",Urine,Chemistry,
51972,"Creatinine, Blood",Urine,Chemistry,
51080,Creatinine Clearance,Urine,Chemistry,
51081,"Creatinine, Serum",Urine,Chemistry,
51082,"Creatinine, Urine",Urine,Chemistry,2161-8
51973,DirList,Urine,Chemistry,
51974,"Estriol, Urine",Urine,Chemistry,
51083,"Ethanol, Urine",Urine,Chemistry,
51975,Fentanyl,Urine,Chemistry,
51976,Glucose,Urine,Chemistry,
51084,"Glucose, Urine",Urine,Chemistry,
51085,"HCG, Urine, Qualitative",Urine,Chemistry,
52715,"HCG, Urine, Qualitative",Urine,Chemistry,
51977,"Immunoelectrophoresis, Urine",Urine,Chemistry,
51086,"Immunofixation, Urine",Urine,Chemistry,
51978,"Iron, Urine",Urine,Chemistry,
51979,Ketone,Urine,Chemistry,
51087,Length of Urine Collection,Urine,Chemistry,
51980,Leukocytes,Urine,Chemistry,
51088,"Magnesium, Urine",Urine,Chemistry,2598-1
51089,Marijuana,Urine,Chemistry,
51090,"Methadone, Urine",Urine,Chemistry,
51091,"Myoglobin, Urine",Urine,Chemistry,
51981,Neisseria gonorrhoeae,Urine,Chemistry,
51982,Nitrite,Urine,Chemistry,
51983,O & P,Urine,Chemistry,
51092,"Opiate Screen, Urine",Urine,Chemistry,
51093,"Osmolality, Urine",Urine,Chemistry,
51984,Oxycodone,Urine,Chemistry,
52013,PAN1,Urine,Chemistry,
52014,PAN2,Urine,Chemistry,
51094,pH,Urine,Chemistry,
52725,pH,Urine,Chemistry,
51985,"Phenothiazine Screen, Urine",Urine,Chemistry,
51095,"Phosphate, Urine",Urine,Chemistry,2778-9
51096,Porphobilinogen Screen,Urine,Chemistry,
51097,"Potassium, Urine",Urine,Chemistry,2828-2
51986,"Propoxyphene, Urine",Urine,Chemistry,
51987,Protein,Urine,Chemistry,
51099,Protein/Creatinine Ratio,Urine,Chemistry,2890-2
51098,"Prot. Electrophoresis, Urine",Urine,Chemistry,
51988,Referred,Urine,Chemistry,
51100,"Sodium, Urine",Urine,Chemistry,2955-3
51989,Specific Gravity,Urine,Chemistry,
51990,Study Urine,Urine,Chemistry,
51101,Total Collection Time,Urine,Chemistry,
51102,"Total Protein, Urine",Urine,Chemistry,2887-8
51991,Trichomonas vaginalis,Urine,Chemistry,
51103,Uhold,Urine,Chemistry,
51992,UIFEgel,Urine,Chemistry,
51993,UPEPgel,Urine,Chemistry,
51104,"Urea Nitrogen, Urine",Urine,Chemistry,
51105,"Uric Acid, Urine",Urine,Chemistry,3086-6
51994,Urine Amylase,Urine,Chemistry,
51995,Urine  Creatinine,Urine,Chemistry,
51106,Urine Creatinine,Urine,Chemistry,
51996,"Urine PEP, Gamma region",Urine,Chemistry,
51107,"Urine tube, held",Urine,Chemistry,
51108,Urine Volume,Urine,Chemistry,
51109,"Urine Volume, Total",Urine,Chemistry,
51997,Urobilinogen,Urine,Chemistry,
51998,Uroporphyrins,Urine,Chemistry,
51999,UTX1,Urine,Chemistry,
52015,UTX10,Urine,Chemistry,
52000,UTX2,Urine,Chemistry,
52001,UTX3,Urine,Chemistry,
52002,UTX4,Urine,Chemistry,
52003,UTX5,Urine,Chemistry,
52004,UTX6,Urine,Chemistry,
52005,UTX7,Urine,Chemistry,
52006,UTX8,Urine,Chemistry,
52007,UTX9,Urine,Chemistry,
52008,Vanillylmandelic Acid,Urine,Chemistry,
52009,Voided Specimen,Urine,Chemistry,
52010,Xylose,Urine,Chemistry,
52011,Z,Urine,Chemistry,
52012,"Zinc, Urine",Urine,Chemistry,
51520,(Albumin),Ascites,Chemistry,
50835,"Albumin, Ascites",Ascites,Chemistry,
51521,Alpha-1,Ascites,Chemistry,
51522,Alpha-2,Ascites,Chemistry,
50836,"Amylase, Ascites",Ascites,Chemistry,
51523,Beta,Ascites,Chemistry,
50837,"Bicarbonate, Ascites",Ascites,Chemistry,
50838,"Bilirubin, Total, Ascites",Ascites,Chemistry,
50839,"Chloride, Ascites",Ascites,Chemistry,
50840,"Cholesterol, Ascites",Ascites,Chemistry,
51524,Clostrid,Ascites,Chemistry,
50841,"Creatinine, Ascites",Ascites,Chemistry,
51525,Cryptococ,Ascites,Chemistry,
51526,Fl Scan,Ascites,Chemistry,
50842,"Glucose, Ascites",Ascites,Chemistry,
51527,"Immunoelectrophoresis, Ascites",Ascites,Chemistry,
51528,"Immunoglobulin G, Ascites",Ascites,Chemistry,
50843,"Lactate Dehydrogenase, Ascites",Ascites,Chemistry,
50844,"Lipase, Ascites",Ascites,Chemistry,
50845,"Miscellaneous, Ascites",Ascites,Chemistry,
50846,"Osmolality, Ascites",Ascites,Chemistry,
51529,"PEP, Ascites, Gamma Region",Ascites,Chemistry,
50847,"Potassium, Ascites",Ascites,Chemistry,
50848,"Sodium, Ascites",Ascites,Chemistry,
50849,"Total Protein, Ascites",Ascites,Chemistry,
50850,"Triglycerides, Ascites",Ascites,Chemistry,
50851,"Urea Nitrogen, Ascites",Ascites,Chemistry,
51530,"Uric Acid, Ascites",Ascites,Chemistry,
51531,Voided Specimen,Ascites,Chemistry,
51905,(Albumin),Pleural,Chemistry,
51046,"Albumin, Pleural",Pleural,Chemistry,
51906,Alpha-1,Pleural,Chemistry,
51907,Alpha-2,Pleural,Chemistry,
51047,"Amylase, Pleural",Pleural,Chemistry,
51908,Beta,Pleural,Chemistry,
51048,"Bicarbonate, Pleural",Pleural,Chemistry,
51049,"Bilirubin, Total, Pleural",Pleural,Chemistry,
51050,"Chloride, Pleural",Pleural,Chemistry,
51051,"Cholesterol, Pleural",Pleural,Chemistry,
51909,Clostrid,Pleural,Chemistry,
51052,"Creatinine, Pleural",Pleural,Chemistry,
51910,Cryptococ,Pleural,Chemistry,
51911,Fl Scan,Pleural,Chemistry,
51053,"Glucose, Pleural",Pleural,Chemistry,
51912,"Immunoelectrophoresis, Pleural",Pleural,Chemistry,
51913,"Immunoglobulin G, Pleural",Pleural,Chemistry,
51054,"Lactate Dehydrogenase, Pleural",Pleural,Chemistry,
51055,"Lipase, Pleural",Pleural,Chemistry,
51056,"Miscellaneous, Pleural",Pleural,Chemistry,
51914,"Osmolality, Pleural",Pleural,Chemistry,
51915,"PEP, Pleural, Gamma Region",Pleural,Chemistry,
51057,"Potassium, Pleural",Pleural,Chemistry,
51916,"proBNP, Pleural",Pleural,Chemistry,
51058,"Sodium, Pleural",Pleural,Chemistry,
51059,"Total Protein, Pleural",Pleural,Chemistry,
51060,"Triglycerides, Pleural",Pleural,Chemistry,
51917,"Urea Nitrogen, Pleural",Pleural,Chemistry,
51918,"Uric Acid, Pleural",Pleural,Chemistry,
51919,Voided Specimen,Pleural,Chemistry,
51826,Voided Specimen,Bone Marrow,Chemistry,
51805,(Albumin),Joint Fluid,Chemistry,
51019,"Albumin, Joint Fluid",Joint Fluid,Chemistry,
51806,Alpha-1,Joint Fluid,Chemistry,
51807,Alpha-2,Joint Fluid,Chemistry,
51020,"Amylase, Joint Fluid",Joint Fluid,Chemistry,
51808,Beta,Joint Fluid,Chemistry,
51809,"Bicarbonate,Joint Fluid",Joint Fluid,Chemistry,
51810,"Bilirubin, Total, Joint Fluid",Joint Fluid,Chemistry,
51811,"Chloride, Joint Fluid",Joint Fluid,Chemistry,
51812,"Cholesterol, Joint Fluid",Joint Fluid,Chemistry,
51813,Clostrid,Joint Fluid,Chemistry,
51021,"Creatinine, Joint Fluid",Joint Fluid,Chemistry,
51814,Cryptococ,Joint Fluid,Chemistry,
51815,Fl Scan,Joint Fluid,Chemistry,
51022,"Glucose, Joint Fluid",Joint Fluid,Chemistry,
51816,"IgG, Joint Fluid",Joint Fluid,Chemistry,
51817,"Immunoelectrophoresis, Joint Fluid",Joint Fluid,Chemistry,
51023,"LD, Joint Fluid",Joint Fluid,Chemistry,
51818,"Osmolality, Joint Fluid",Joint Fluid,Chemistry,
51819,"PEP, Joint Fluid, Gamma Region",Joint Fluid,Chemistry,
51820,"Potassium, Joint Fluid",Joint Fluid,Chemistry,
51821,"Sodium, Joint Fluid",Joint Fluid,Chemistry,
51024,"Total Protein, Joint Fluid",Joint Fluid,Chemistry,
51822,"Triglycerides, Joint Fluid",Joint Fluid,Chemistry,
51823,"Urea Nitrogen, Joint Fluid",Joint Fluid,Chemistry,
51824,"Uric Acid, Joint Fluid",Joint Fluid,Chemistry,
51825,Voided Specimen,Joint Fluid,Chemistry,
51898, ,Other Body Fluid,Chemistry,
51827,72 Hr Fat,Other Body Fluid,Chemistry,
51828,Acid BAO,Other Body Fluid,Chemistry,
51829,Acid MAO,Other Body Fluid,Chemistry,
51830,Adenovirus,Other Body Fluid,Chemistry,
51831,"AFP, Amniotic Fluid",Other Body Fluid,Chemistry,
51832,"AFP, Body Fluid",Other Body Fluid,Chemistry,
51833,(Albumi,Other Body Fluid,Chemistry,
51834,<Albumin>,Other Body Fluid,Chemistry,
51025,"Albumin, Body Fluid",Other Body Fluid,Chemistry,
51835,Alpha-1,Other Body Fluid,Chemistry,
51836,Alpha-2,Other Body Fluid,Chemistry,
51026,"Amylase, Body Fluid",Other Body Fluid,Chemistry,
51837,Anat Path Hold,Other Body Fluid,Chemistry,
51838,Beta,Other Body Fluid,Chemistry,
51027,"Bicarbonate, Other Fluid",Other Body Fluid,Chemistry,
51028,"Bilirubin, Total, Body Fluid",Other Body Fluid,Chemistry,
51839,"Blood, Occult",Other Body Fluid,Chemistry,
51840,Bun,Other Body Fluid,Chemistry,
51029,"Calcium, Body Fluid",Other Body Fluid,Chemistry,
51841,C. diff PCR,Other Body Fluid,Chemistry,
51842,C diff Toxin Antigen Assay,Other Body Fluid,Chemistry,
51843,Chlamydia pneumoniae,Other Body Fluid,Chemistry,
51844,Chlamydia trachomatis,Other Body Fluid,Chemistry,43304-5
51030,"Chloride, Body Fluid",Other Body Fluid,Chemistry,
51031,"Cholesterol, Body Fluid",Other Body Fluid,Chemistry,
51845,Clostrid,Other Body Fluid,Chemistry,
51846,"Coronavirus, NOT CoVID-19",Other Body Fluid,Chemistry,
51901,COV1,Other Body Fluid,Chemistry,
51902,COV2,Other Body Fluid,Chemistry,
51903,COV3,Other Body Fluid,Chemistry,
51904,COV4,Other Body Fluid,Chemistry,
51847,COVID-19,Other Body Fluid,Chemistry,
51032,"Creatinine, Body Fluid",Other Body Fluid,Chemistry,
51848,Cryptococ,Other Body Fluid,Chemistry,
51849,"DSPC, Amniotic Fluid",Other Body Fluid,Chemistry,
51850,Epr,Other Body Fluid,Chemistry,
51033,FetalFN,Other Body Fluid,Chemistry,
51851,Fl Scan,Other Body Fluid,Chemistry,
51034,"Glucose, Body Fluid",Other Body Fluid,Chemistry,
51852,HIV 1 Viral Load,Other Body Fluid,Chemistry,
51853,Human Metapneumovirus,Other Body Fluid,Chemistry,
51854,Human Rhinovirus/Enterovirus,Other Body Fluid,Chemistry,
51855,"Immunoelectrophoresis, Fluid",Other Body Fluid,Chemistry,
51856,"Immunoglobulin G, Body Fluid",Other Body Fluid,Chemistry,
51857,Influenza A,Other Body Fluid,Chemistry,
51858,Influenza A by PCR,Other Body Fluid,Chemistry,
51859,Influenza A by PCR,Other Body Fluid,Chemistry,
51860,Influenza A H1,Other Body Fluid,Chemistry,
51861,Influenza A H1-2009,Other Body Fluid,Chemistry,
51862,Influenza A H3,Other Body Fluid,Chemistry,
51863,"Influenza A, Rapid Antigen",Other Body Fluid,Chemistry,31859-2
51864,"Influenza A, Rapid Antigen",Other Body Fluid,Chemistry,
51865,Influenza B,Other Body Fluid,Chemistry,
51866,Influenza B by PCR,Other Body Fluid,Chemistry,
51867,Influenza B by PCR,Other Body Fluid,Chemistry,
51868,"Influenza B, Rapid Antigen",Other Body Fluid,Chemistry,31864-2
51869,"Influenza B, Rapid Antigen",Other Body Fluid,Chemistry,
51035,"LD, Body Fluid",Other Body Fluid,Chemistry,
51036,"Lipase, Body Fluid",Other Body Fluid,Chemistry,
51870,"L/S Ratio, Amniotic Fluid",Other Body Fluid,Chemistry,
51037,"Magnesium, Body Fluid",Other Body Fluid,Chemistry,
51038,"Miscellaneous, Body Fluid",Other Body Fluid,Chemistry,
51871,MRSA PCR,Other Body Fluid,Chemistry,
51872,Mycoplasma pneumoniae,Other Body Fluid,Chemistry,
51873,Neisseria gonorrhoeae,Other Body Fluid,Chemistry,
51874,Norovirus Genogroup I,Other Body Fluid,Chemistry,
51875,Norovirus Genogroup II,Other Body Fluid,Chemistry,
51876,O & P,Other Body Fluid,Chemistry,
51039,"Osmolality, Body Fluid",Other Body Fluid,Chemistry,
51896,PAN1,Other Body Fluid,Chemistry,
51897,PAN2,Other Body Fluid,Chemistry,
51877,Parainfluenza 1,Other Body Fluid,Chemistry,
51878,Parainfluenza 2,Other Body Fluid,Chemistry,
51879,Parainfluenza 3,Other Body Fluid,Chemistry,
51880,Parainfluenza 4,Other Body Fluid,Chemistry,
51881,"PEP, Body Fluid",Other Body Fluid,Chemistry,
51882,"PEP, Body Fluid, Gamma Region",Other Body Fluid,Chemistry,
51040,"Phosphate, Body Fluid",Other Body Fluid,Chemistry,
51883,Phosphatidylglycerol,Other Body Fluid,Chemistry,
51041,"Potassium, Body Fluid",Other Body Fluid,Chemistry,
51884,Respiratory Syncytial Virus A,Other Body Fluid,Chemistry,
51885,Respiratory Syncytial Virus B,Other Body Fluid,Chemistry,
51899,reuse,Other Body Fluid,Chemistry,
51900,reuse1,Other Body Fluid,Chemistry,
51042,"Sodium, Body Fluid",Other Body Fluid,Chemistry,
51886,Staph aureus PCR,Other Body Fluid,Chemistry,
51887,"Strep A, Rapid Antigen",Other Body Fluid,Chemistry,
51888,"Strep A, Rapid Antigen",Other Body Fluid,Chemistry,
51889,Sudan Stain,Other Body Fluid,Chemistry,
51890,Surfactant/Albumin,Other Body Fluid,Chemistry,
51891,Surf/Alb,Other Body Fluid,Chemistry,
51043,"Total Protein, Body Fluid",Other Body Fluid,Chemistry,
51892,Trichomonas vaginalis,Other Body Fluid,Chemistry,
51044,Triglycer,Other Body Fluid,Chemistry,
51045,"Urea Nitrogen, Body Fluid",Other Body Fluid,Chemistry,
51893,"Uric Acid, Body Fluid",Other Body Fluid,Chemistry,
51894,Voided Specimen,Other Body Fluid,Chemistry,
51895,Vpf,Other Body Fluid,Chemistry,
51773,(Albumin),Cerebrospinal Fluid,Chemistry,
51774,<Albumin>,Cerebrospinal Fluid,Chemistry,
51775,"Albumin, CSF",Cerebrospinal Fluid,Chemistry,
51776,Alpha-1,Cerebrospinal Fluid,Chemistry,
51777,Alpha-2,Cerebrospinal Fluid,Chemistry,
51778,"Amylase, CSF",Cerebrospinal Fluid,Chemistry,
51779,Beta,Cerebrospinal Fluid,Chemistry,
51780,"Bicarbonate, CSF",Cerebrospinal Fluid,Chemistry,
51781,"Bilirubin, Total, CSF",Cerebrospinal Fluid,Chemistry,
51782,"Chloride, CSF",Cerebrospinal Fluid,Chemistry,
51783,"Cholesterol, CSF",Cerebrospinal Fluid,Chemistry,
51784,Clostrid,Cerebrospinal Fluid,Chemistry,
51785,"Creatinine, CSF",Cerebrospinal Fluid,Chemistry,
51786,Cryptococ,Cerebrospinal Fluid,Chemistry,
51787,Fl Scan,Cerebrospinal Fluid,Chemistry,
51788,"Glucose, CSF",Cerebrospinal Fluid,Chemistry,
51789,HIV 1 Viral Load,Cerebrospinal Fluid,Chemistry,
51790,"Immunoelectrophoresis, CSF",Cerebrospinal Fluid,Chemistry,
51791,"Immunoglobulin G, CSF",Cerebrospinal Fluid,Chemistry,
51792,"Immunoglobulin G, CSF",Cerebrospinal Fluid,Chemistry,
51793,"Lactate Dehydrogenase, CSF",Cerebrospinal Fluid,Chemistry,
51794,"Miscellaneous, CSF",Cerebrospinal Fluid,Chemistry,
51795,"Osmolality, CSF",Cerebrospinal Fluid,Chemistry,
51796,"PEP, CSF",Cerebrospinal Fluid,Chemistry,
51797,"PEP, CSF, Gamma Region",Cerebrospinal Fluid,Chemistry,
51798,"Potassium, CSF",Cerebrospinal Fluid,Chemistry,
51799,"Sodium, CSF",Cerebrospinal Fluid,Chemistry,
51800,"Total Protein, CSF",Cerebrospinal Fluid,Chemistry,
51801,"Triglycerides, CSF",Cerebrospinal Fluid,Chemistry,
51802,"Urea Nitrogen, CSF",Cerebrospinal Fluid,Chemistry,
51803,"Uric Acid, CSF",Cerebrospinal Fluid,Chemistry,
51804,Voided Specimen,Cerebrospinal Fluid,Chemistry,
52285,Dna,I,Hematology,
52389,FL1-D,Q,Hematology,
52390,FL1-%FL2,Q,Hematology,
52391,FL1-S,Q,Hematology,
52392,FL2-D,Q,Hematology,
52393,FL2-%FL1,Q,Hematology,
52394,FL2-S,Q,Hematology,
52395,FSC-S,Q,Hematology,
52396,SSC-D,Q,Hematology,
52397,SSC-S,Q,Hematology,
52063,24 Hr,Blood,Hematology,
52209,AbnLymp,Blood,Hematology,
52064,Absolute Basophil Count,Blood,Hematology,704-7
52065,Absolute CD19 Count,Blood,Hematology,
52066,Absolute CD20 Count,Blood,Hematology,
51130,Absolute CD3 Count,Blood,Hematology,8124-0
51131,Absolute CD4 Count,Blood,Hematology,8128-1
52067,Absolute CD56 Count,Blood,Hematology,
51132,Absolute CD8 Count,Blood,Hematology,8138-0
52068,Absolute Eosinophil Count,Blood,Hematology,711-2
51133,Absolute Lymphocyte Count,Blood,Hematology,731-0
52764,Absolute Lymphocyte Count,Blood,Hematology,
52069,Absolute Monocyte Count,Blood,Hematology,742-7
52070,Absolute Neutrophil Count,Blood,Hematology,751-8
51134,Acanthocytes,Blood,Hematology,7789-1
52071,Acid Phosphatase Stain,Blood,Hematology,
52072,Acidserum,Blood,Hematology,
51135,ADP,Blood,Hematology,
51136,Alpha Antiplasmin,Blood,Hematology,
51137,Anisocytosis,Blood,Hematology,702-1
51138,Anticardiolipin Antibody IgG,Blood,Hematology,
51139,Anticardiolipin Antibody IgM,Blood,Hematology,
51140,Antithrombin,Blood,Hematology,
52073,Antithrombin III,Blood,Hematology,
51141,APT Test,Blood,Hematology,
51142,Arachadonic Acid,Blood,Hematology,
52074,ASA Tol,Blood,Hematology,
52075,Asd,Blood,Hematology,
52076,ASD & NA-F,Blood,Hematology,
52077,Aspirin Reactivity,Blood,Hematology,
52210,ATLFlg,Blood,Hematology,
51143,Atypical Lymphocytes,Blood,Hematology,733-6
52078,Autohem+g,Blood,Hematology,
52079,Autohem-g,Blood,Hematology,
51144,Bands,Blood,Hematology,763-3
52203,BasoFlg,Blood,Hematology,
51145,Basophilic Stippling,Blood,Hematology,703-9
51146,Basophils,Blood,Hematology,704-7
51147,Bite Cells,Blood,Hematology,10371-3
52212,Bl/AbLy,Blood,Hematology,
52211,BlasFlg,Blood,Hematology,
51148,Blasts,Blood,Hematology,708-8
51149,Bleeding Time,Blood,Hematology,
52781,Bleeding Time,Blood,Hematology,
52080,Bleed Tm,Blood,Hematology,
52081,Bleed Tm,Blood,Hematology,
51150,Blood Parasite Smear,Blood,Hematology,
51152,CD10,Blood,Hematology,
51153,CD103,Blood,Hematology,
51154,CD117,Blood,Hematology,
51155,CD11c,Blood,Hematology,
51156,CD13,Blood,Hematology,
51157,CD138,Blood,Hematology,
51158,CD14,Blood,Hematology,
51159,CD15,Blood,Hematology,
52082,CD15/56,Blood,Hematology,
51161,CD16,Blood,Hematology,
51163,CD16/56%,Blood,Hematology,
51162,CD16/56 Absolute Count,Blood,Hematology,
51164,CD19,Blood,Hematology,
51165,CD19 %,Blood,Hematology,
51166,CD19 Absolute Count,Blood,Hematology,
52083,CD 1a,Blood,Hematology,
51167,CD2,Blood,Hematology,
51168,CD20,Blood,Hematology,
51169,CD20 %,Blood,Hematology,
51170,CD20 Absolute Count,Blood,Hematology,
51171,CD22,Blood,Hematology,
51172,CD23,Blood,Hematology,
51173,CD25,Blood,Hematology,
51174,CD3 %,Blood,Hematology,
52084,CD30,Blood,Hematology,
51177,CD33,Blood,Hematology,
51178,CD34,Blood,Hematology,5465-0
51179,CD38,Blood,Hematology,
51175,CD3 Absolute Count,Blood,Hematology,
51176,"CD3 Cells, Percent",Blood,Hematology,8122-4
51182,CD41,Blood,Hematology,
52085,CD42,Blood,Hematology,
51183,CD45,Blood,Hematology,
51181,CD4/CD8 Ratio,Blood,Hematology,
51180,"CD4 Cells, Percent",Blood,Hematology,8127-3
51184,CD5,Blood,Hematology,
51185,CD5 %,Blood,Hematology,
52086,CD52,Blood,Hematology,
51187,CD55,Blood,Hematology,
51188,CD56,Blood,Hematology,
52087,CD56 %,Blood,Hematology,
52088,CD56 Absolute Count,Blood,Hematology,
51189,CD57,Blood,Hematology,
51190,CD59,Blood,Hematology,
51186,CD5 Absolute Count,Blood,Hematology,
52089,CD61,Blood,Hematology,
52090,CD62,Blood,Hematology,
51191,CD64,Blood,Hematology,
51192,CD7,Blood,Hematology,
51193,CD71,Blood,Hematology,
51194,"CD8 Cells, Percent",Blood,Hematology,8137-2
52091,Chloroacetate,Blood,Hematology,10780-5
52092,Circ Ab,Blood,Hematology,
52093,Clot Lysis,Blood,Hematology,
52094,Clot Retraction,Blood,Hematology,
52095,Clot Time,Blood,Hematology,
51195,Collagen,Blood,Hematology,
52096,Cr,Blood,Hematology,
52846,Factor XI,Blood,Hematology,
52097,Crenated Cells,Blood,Hematology,
52098,Cross Imm,Blood,Hematology,
52099,Cryoglob,Blood,Hematology,
51196,D-Dimer,Blood,Hematology,
52100,Direct Antiplatelet Antibodies,Blood,Hematology,
52101,Donath-l,Blood,Hematology,
52102,dRVVT - Confirmation,Blood,Hematology,
52103,dRVVT - Normalized Ratio,Blood,Hematology,
52104,dRVVT - Screen,Blood,Hematology,
52105,DSmear,Blood,Hematology,
52106,Echinocytes,Blood,Hematology,7790-9
51197,Elliptocytes,Blood,Hematology,6681-1
51198,Envelope Cells,Blood,Hematology,681-7
52204,EosFlg,Blood,Hematology,
51199,Eosinophil Count,Blood,Hematology,
51200,Eosinophils,Blood,Hematology,711-2
51201,Epinepherine,Blood,Hematology,
52193,ErytFlg,Blood,Hematology,
52107,Euglobulin Lysis,Blood,Hematology,
51202,Factor II,Blood,Hematology,3289-6
52833,Factor II,Blood,Hematology,
51203,Factor IX,Blood,Hematology,3188-0
52835,Factor IX,Blood,Hematology,
52108,Factor IX Inhibitor,Blood,Hematology,
51204,Factor V,Blood,Hematology,3193-0
52837,Factor V,Blood,Hematology,
51205,Factor VII,Blood,Hematology,3198-9
52839,Factor VII,Blood,Hematology,
51206,Factor VIII,Blood,Hematology,3209-4
52841,Factor VIII,Blood,Hematology,
52109,Factor VIII Antigen,Blood,Hematology,
51207,Factor VIII Inhibitor,Blood,Hematology,
51208,Factor X,Blood,Hematology,3218-5
52844,Factor X,Blood,Hematology,
51209,Factor XI,Blood,Hematology,3226-8
51210,Factor XII,Blood,Hematology,3232-6
52848,Factor XII,Blood,Hematology,
51211,Factor XIII,Blood,Hematology,3240-9
52850,Factor XIII,Blood,Hematology,
51212,Fetal Hemoglobin,Blood,Hematology,
51213,Fibrin Degradation Products,Blood,Hematology,
52853,Fibrin Degradation Products,Blood,Hematology,
52110,Fibrinoge,Blood,Hematology,
52111,Fibrinogen,Blood,Hematology,
51214,"Fibrinogen, Functional",Blood,Hematology,
52112,"Fibrinogen, Immunologic",Blood,Hematology,
52113,Fingerstick,Blood,Hematology,
52114,Fitzgerld,Blood,Hematology,
52115,Fitzgerld,Blood,Hematology,
52116,Fletcher,Blood,Hematology,
51215,FMC-7,Blood,Hematology,
52194,FragFlg,Blood,Hematology,
51216,Fragmented Cells,Blood,Hematology,10373-9
52117,Fsp,Blood,Hematology,
52118,"G6PD, Qualitative",Blood,Hematology,2356-4
52119,G6pd Spec,Blood,Hematology,
52120,Glutathione,Blood,Hematology,
51217,Glyco A,Blood,Hematology,
51218,Granulocyte Count,Blood,Hematology,
52121,Heinz Aph,Blood,Hematology,
51220,Heinz Body Prep,Blood,Hematology,
52122,Helmet Cells,Blood,Hematology,10374-7
51221,Hematocrit,Blood,Hematology,4544-3
51222,Hemoglobin,Blood,Hematology,718-7
51223,Hemoglobin A2,Blood,Hematology,4552-6
51224,Hemoglobin C,Blood,Hematology,4561-7
51225,Hemoglobin F,Blood,Hematology,9749-3
52123,Hemoglobin H Inclusion,Blood,Hematology,
52124,Hemoglobin Other,Blood,Hematology,
51226,Hemogloblin A,Blood,Hematology,10346-5
51227,Hemogloblin S,Blood,Hematology,4622-7
51228,Heparin,Blood,Hematology,
51229,"Heparin, LMW",Blood,Hematology,
52125,Histiocytes,Blood,Hematology,
52126,HIT-Ab Interpreted Result,Blood,Hematology,
52127,HIT-Ab Numerical Result,Blood,Hematology,
51230,HLA-DR,Blood,Hematology,
52128,Hmwk,Blood,Hematology,
51219,H/O Smear,Blood,Hematology,
51231,Howell-Jolly Bodies,Blood,Hematology,7793-3
51232,Hypersegmented Neutrophils,Blood,Hematology,766-6
51233,Hypochromia,Blood,Hematology,728-6
52129,IG,Blood,Hematology,
52213,IG Flg,Blood,Hematology,
52130,Immature Granulocytes,Blood,Hematology,
52198,RBCAgg,Blood,Hematology,
51234,Immunophenotyping,Blood,Hematology,
52131,Inhibitor,Blood,Hematology,
51235,Inhibitor Screen,Blood,Hematology,
52132,Inh Scr,Blood,Hematology,
51236,Inpatient Hematology/Oncology Smear,Blood,Hematology,
51237,INR(PT),Blood,Hematology,5895-7
51238,Kappa,Blood,Hematology,
52133,Kct,Blood,Hematology,
51239,Lambda,Blood,Hematology,
51240,Large Platelets,Blood,Hematology,
52205,LeftShf,Blood,Hematology,
52134,LE Prep,Blood,Hematology,
51241,Leukocyte Alkaline Phosphatase,Blood,Hematology,4659-9
52135,LS,Blood,Hematology,
51242,LUC,Blood,Hematology,
51243,Lupus Anticoagulant,Blood,Hematology,
52884,Lupus Anticoagulant,Blood,Hematology,
52206,LymFlg,Blood,Hematology,
51244,Lymphocytes,Blood,Hematology,731-0
51245,"Lymphocytes, Percent",Blood,Hematology,
51246,Macrocytes,Blood,Hematology,738-5
51247,MacroOvalocytes,Blood,Hematology,10376-2
52136,Malaria Smear,Blood,Hematology,
51248,MCH,Blood,Hematology,785-6
51249,MCHC,Blood,Hematology,786-4
51250,MCV,Blood,Hematology,787-2
52137,Mean Platelet Volume,Blood,Hematology,
51251,Metamyelocytes,Blood,Hematology,
52138,Methemalb,Blood,Hematology,
52139,Methemoglobin,Blood,Hematology,
51252,Microcytes,Blood,Hematology,741-9
51253,Monocyte Count,Blood,Hematology,
51254,Monocytes,Blood,Hematology,742-7
52207,MonoFlg,Blood,Hematology,
52140,Mono Spot Test,Blood,Hematology,5214-2
51255,Myelocytes,Blood,Hematology,
52141,Naphtol Acetate Stain,Blood,Hematology,10765-6
51256,Neutrophils,Blood,Hematology,761-7
52142,NEUTX,Blood,Hematology,
52143,NEUTY,Blood,Hematology,
52144,NFletcher,Blood,Hematology,
52145,Non-Specific Esterase,Blood,Hematology,10778-9
52146,NRBC,Blood,Hematology,
52208,NRBCFlg,Blood,Hematology,
51257,Nucleated Red Cells,Blood,Hematology,772-4
51258,Osmotic Fragility,Blood,Hematology,
52147,"Osmotic Fragility, Incubated",Blood,Hematology,
51259,Other Cells,Blood,Hematology,729-4
52148,Other Inhibitor,Blood,Hematology,
51260,Ovalocytes,Blood,Hematology,774-0
52149,P2Y12 Reaction Units,Blood,Hematology,
51261,Pappenheimer Bodies,Blood,Hematology,7795-8
51262,Pencil Cells,Blood,Hematology,10377-0
52150,Periodic Acid Schiff Stain,Blood,Hematology,9786-5
52151,Peroxidase Staining,Blood,Hematology,
51263,Plasma Cells,Blood,Hematology,
52152,Plasma Hemoglobin,Blood,Hematology,
52153,Plasminogen,Blood,Hematology,
52154,Platelet Aggregation,Blood,Hematology,
51264,Platelet Clumps,Blood,Hematology,
51265,Platelet Count,Blood,Hematology,777-3
51266,Platelet Smear,Blood,Hematology,778-1
52197,PltClmp,Blood,Hematology,
52195,PltDist,Blood,Hematology,
52196,PltScat,Blood,Hematology,
51267,Poikilocytosis,Blood,Hematology,779-9
51268,Polychromasia,Blood,Hematology,10378-8
52155,Prekallekrein,Blood,Hematology,
52156,Problem Specimen,Blood,Hematology,
51269,Promyelocytes,Blood,Hematology,781-5
51270,"Protein C, Antigen",Blood,Hematology,
51271,"Protein C, Functional",Blood,Hematology,
52157,Protein S,Blood,Hematology,
51272,"Protein S, Antigen",Blood,Hematology,
51273,"Protein S, Functional",Blood,Hematology,
51274,PT,Blood,Hematology,5902-2
52916,PT,Blood,Hematology,
52158,PT Control,Blood,Hematology,
52159,PT Mean,Blood,Hematology,5901-4
51275,PTT,Blood,Hematology,5898-2
52918,PTT,Blood,Hematology,
52160,PTT Control,Blood,Hematology,
52161,PTT-LA,Blood,Hematology,
52162,PTT mea,Blood,Hematology,5899-0
52163,Pyruvate Kinase,Blood,Hematology,
52164,QFib,Blood,Hematology,
51276,Quantitative G6PD,Blood,Hematology,
52165, Rbc,Blood,Hematology,
52199,RBCDist,Blood,Hematology,
52166,RBC Morphology,Blood,Hematology,
51277,RDW,Blood,Hematology,788-0
52167,RDW-SD,Blood,Hematology,
52168,Red Blood Cell Enzyme,Blood,Hematology,
51278,Red Blood Cell Fragments,Blood,Hematology,
51279,Red Blood Cells,Blood,Hematology,789-8
51280,Reptilase Time,Blood,Hematology,
52924,Reptilase Time,Blood,Hematology,
51281,Reptilase Time Control,Blood,Hematology,
52169,"Reptilase Time, Control",Blood,Hematology,
52201,RetFlg,Blood,Hematology,
51285,"Reticulocyte, Cellular Hemoglobin",Blood,Hematology,
51282,"Reticulocyte Count, Absolute",Blood,Hematology,
51283,"Reticulocyte Count, Automated",Blood,Hematology,
51284,"Reticulocyte Count, Manual",Blood,Hematology,
52929,"Reticulocyte Count, Manual",Blood,Hematology,
52200,RetScat,Blood,Hematology,
51286,Ristocetin,Blood,Hematology,
52170,Ristocetin Response,Blood,Hematology,
52171,Rouleaux,Blood,Hematology,
51287,Schistocytes,Blood,Hematology,800-3
52172,SCT - Confirmation,Blood,Hematology,
52173,SCT - Normalized Ratio,Blood,Hematology,
52174,SCT - Screen,Blood,Hematology,
51288,Sedimentation Rate,Blood,Hematology,4537-7
51289,Serum Viscosity,Blood,Hematology,3128-6
51290,Sickle Cell Preparation,Blood,Hematology,
51291,Sickle Cells,Blood,Hematology,801-1
51292,Spherocytes,Blood,Hematology,802-9
52175,STA-CLOT,Blood,Hematology,
52176,Stomatocyte,Blood,Hematology,
52177,Sudan Black Staining,Blood,Hematology,10813-4
51293,Sugar Water Test,Blood,Hematology,
52178,Sulf Hgb,Blood,Hematology,
51294,Target Cells,Blood,Hematology,10381-2
52179,TCR Alpha-Beta,Blood,Hematology,
52180,TCR Gamma-Delta,Blood,Hematology,
51295,TdT,Blood,Hematology,
51296,Teardrop Cells,Blood,Hematology,7791-7
52181,Test,Blood,Hematology,
51297,Thrombin,Blood,Hematology,
52943,Thrombin,Blood,Hematology,
52182,Thrombin Time,Blood,Hematology,
52183,Thrombin Time Control,Blood,Hematology,
52184,Thrombin Time Control,Blood,Hematology,
52185,Tissue Thromboplastin Inhibitor,Blood,Hematology,
52186,Tr- Acid,Blood,Hematology,
52187,Trap Stain,Blood,Hematology,
52202,TurbHbI,Blood,Hematology,
52188,Viii Ag,Blood,Hematology,
52189,VIII-CIE,Blood,Hematology,
52190,Voided Specimen,Blood,Hematology,
51298,Von Willebrand Factor Activity,Blood,Hematology,6014-5
51299,Von Willebrand Factor Antigen,Blood,Hematology,6012-9
52191,WAM Manual Diff,Blood,Hematology,
52192,WAM MANUAL DIFF 2,Blood,Hematology,
51300,WBC Count,Blood,Hematology,
52215,wbcp,Blood,Hematology,
52214,WBCScat,Blood,Hematology,
51301,White Blood Cells,Blood,Hematology,804-5
51302,Young Cells,Blood,Hematology,
52398,Bile,Stool,Hematology,
51460,"Blood, Occult",Stool,Hematology,
52399,Fat,Stool,Hematology,
52400,Prblm,Stool,Hematology,
52401,Voided Specimen,Stool,Hematology,
52402,WBC,Stool,Hematology,
51461,Ammonium Biurate,Urine,Hematology,
51462,Amorphous Crystals,Urine,Hematology,8246-1
51463,Bacteria,Urine,Hematology,5769-5
52403,Bacturia,Urine,Hematology,
51464,Bilirubin,Urine,Hematology,5770-3
51465,Bilirubin Crystals,Urine,Hematology,5771-1
51466,Blood,Urine,Hematology,
51467,Broad Casts,Urine,Hematology,
52404,Budding Yeast,Urine,Hematology,
51468,Calcium Carbonate Crystals,Urine,Hematology,5773-7
51469,Calcium Oxalate Crystals,Urine,Hematology,5774-5
51470,Calcium Phosphate Crystals,Urine,Hematology,5775-2
51471,Cellular Cast,Urine,Hematology,
51472,Cholesterol Crystals,Urine,Hematology,5777-8
51473,Cysteine Crystals,Urine,Hematology,5782-8
51474,Eosinophils,Urine,Hematology,
51475,Epithelial Casts,Urine,Hematology,
51476,Epithelial Cells,Urine,Hematology,5787-7
52405,Fatty Casts,Urine,Hematology,5789-3
51477,Free Fat,Urine,Hematology,
52416,GATE,Urine,Hematology,
51478,Glucose,Urine,Hematology,5792-7
51479,Granular Casts,Urine,Hematology,5793-5
51480,Hematocrit,Urine,Hematology,
51481,Hemosiderin,Urine,Hematology,
52406,Hgb,Urine,Hematology,5794-3
52407,HPF,Urine,Hematology,
51482,Hyaline Casts,Urine,Hematology,5796-8
51483,Hyphenated Yeast,Urine,Hematology,
51484,Ketone,Urine,Hematology,5797-6
51485,Leucine Crystals,Urine,Hematology,5798-4
51486,Leukocytes,Urine,Hematology,5799-2
52408,Leuks,Urine,Hematology,5821-4
52409,LEUKS,Urine,Hematology,
52410,LPF,Urine,Hematology,
52411,Myoglobin,Urine,Hematology,
51487,Nitrite,Urine,Hematology,5802-4
51489,NonSquamous Epithelial Cell,Urine,Hematology,
51488,Non-squamous Epithelial Cells,Urine,Hematology,
51490,Oval Fat Body,Urine,Hematology,
51491,pH,Urine,Hematology,5803-2
52412,Pku,Urine,Hematology,
52413,Problem Specimen,Urine,Hematology,
51492,Protein,Urine,Hematology,5804-0
51493,RBC,Urine,Hematology,5808-1
51494,RBC Casts,Urine,Hematology,5807-3
51495,RBC Clumps,Urine,Hematology,
51496,"Reducing Substances, Urine",Urine,Hematology,
51497,Renal Epithelial Cells,Urine,Hematology,
52419,RFXUCU,Urine,Hematology,
52417,RUN,Urine,Hematology,
52418,SKIP,Urine,Hematology,
51498,Specific Gravity,Urine,Hematology,5811-5
51499,Sperm,Urine,Hematology,
51500,Sulfonamides,Urine,Hematology,
51501,Transitional Epithelial Cells,Urine,Hematology,
51502,Trichomonas,Urine,Hematology,
51503,Triple Phosphate Crystals,Urine,Hematology,5814-9
51504,Tyrosine Crystals,Urine,Hematology,5815-6
52421,UCU1,Urine,Hematology,
52422,UCU2,Urine,Hematology,
51505,Uric Acid Crystals,Urine,Hematology,5817-2
51506,Urine Appearance,Urine,Hematology,5767-9
51507,"Urine Casts, Other",Urine,Hematology,9842-6
51508,Urine Color,Urine,Hematology,5778-6
51509,Urine Comments,Urine,Hematology,
51510,"Urine Crystals, Other",Urine,Hematology,
51511,Urine Fat Bodies,Urine,Hematology,
51512,Urine Mucous,Urine,Hematology,8247-9
51513,Urine Specimen Type,Urine,Hematology,
51514,Urobilinogen,Urine,Hematology,5818-0
52414,Voided Specimen,Urine,Hematology,
51515,Waxy Casts,Urine,Hematology,5819-8
51516,WBC,Urine,Hematology,5821-4
51517,WBC Casts,Urine,Hematology,5820-6
51518,WBC Clumps,Urine,Hematology,
52420,XUCU,Urine,Hematology,
51519,Yeast,Urine,Hematology,5822-2
52415,ZZDUMMY,Urine,Hematology,
51110,Atypical Lymphocytes,Ascites,Hematology,
52043,Atyps#,Ascites,Hematology,
51111,Bands,Ascites,Hematology,
52044,Bands#,Ascites,Hematology,
51112,Basophils,Ascites,Hematology,
52045,Basos#,Ascites,Hematology,
51113,Blasts,Ascites,Hematology,
52046,Blasts#,Ascites,Hematology,
52047,Eos#,Ascites,Hematology,
51114,Eosinophils,Ascites,Hematology,
51115,"Hematocrit, Ascites",Ascites,Hematology,
52048,Histio#,Ascites,Hematology,
52049,Histiocyte,Ascites,Hematology,
52050,Hyperseg,Ascites,Hematology,
52051,Hyperseg#,Ascites,Hematology,
51116,Lymphocytes,Ascites,Hematology,
52052,Lymphs#,Ascites,Hematology,
51117,Macrophage,Ascites,Hematology,
51118,Mesothelial Cell,Ascites,Hematology,
51119,Metamyelocytes,Ascites,Hematology,
52053,Metas#,Ascites,Hematology,
51120,Monocytes,Ascites,Hematology,
52054,Monos#,Ascites,Hematology,
51121,Myelocytes,Ascites,Hematology,
52055,Myelos#,Ascites,Hematology,
51122,Nucleated RBC,Ascites,Hematology,
52056,Nuc Rbcs#,Ascites,Hematology,
51123,Other,Ascites,Hematology,
51124,Plasma,Ascites,Hematology,
52057,Plasma#,Ascites,Hematology,
51125,Polys,Ascites,Hematology,
52058,Polys#,Ascites,Hematology,
52059,Promyelo#,Ascites,Hematology,
51126,Promyelocytes,Ascites,Hematology,
51127,"RBC, Ascites",Ascites,Hematology,
52060,"Total Nucleated Cells, Ascites",Ascites,Hematology,
52061,Voided Specimen,Ascites,Hematology,
51129,Young,Ascites,Hematology,
52062,Young#,Ascites,Hematology,
51440,Atypical Lymphocytes,Pleural,Hematology,
52370,Atyps#,Pleural,Hematology,
51441,Bands,Pleural,Hematology,
52371,Bands#,Pleural,Hematology,
51442,Basophils,Pleural,Hematology,
52372,Basos#,Pleural,Hematology,
51443,Blasts,Pleural,Hematology,
52373,Blasts#,Pleural,Hematology,
52374,Eos#,Pleural,Hematology,
51444,Eosinophils,Pleural,Hematology,
51445,"Hematocrit, Pleural",Pleural,Hematology,
52375,Histiocyte#,Pleural,Hematology,
52376,Histiocytes,Pleural,Hematology,
52377,Hypersegmented  Neutrophils#,Pleural,Hematology,
52378,Hypersegmented Neutrophils,Pleural,Hematology,
51446,Lymphocytes,Pleural,Hematology,
52379,Lymphs#,Pleural,Hematology,
51447,Macrophages,Pleural,Hematology,
51448,Mesothelial Cells,Pleural,Hematology,
51449,Metamyelocytes,Pleural,Hematology,
52380,Metas#,Pleural,Hematology,
51450,Monos,Pleural,Hematology,
52381,Monos#,Pleural,Hematology,
51451,Myelocytes,Pleural,Hematology,
52382,Myelos#,Pleural,Hematology,
51452,NRBC,Pleural,Hematology,
53078,NRBC,Pleural,Hematology,
51453,Other,Pleural,Hematology,
52383,Plasma#,Pleural,Hematology,
51454,Plasma Cells,Pleural,Hematology,
51455,Polys,Pleural,Hematology,
52384,Polys#,Pleural,Hematology,
51456,Promyelocytes,Pleural,Hematology,
52385,Promyelocytes#,Pleural,Hematology,
51457,"RBC, Pleural",Pleural,Hematology,
52386,"Total Nucleated Cells, Pleural",Pleural,Hematology,
52387,Voided Specimen,Pleural,Hematology,
52388,Young#,Pleural,Hematology,
51459,Young Cells,Pleural,Hematology,
52311,Acid Phosphatase Stain,Bone Marrow,Hematology,
52312,Asd,Bone Marrow,Hematology,
52313,Asd&na-f,Bone Marrow,Hematology,
51317,CD23,Bone Marrow,Hematology,
51303,CD10,Bone Marrow,Hematology,
52950,CD10,Bone Marrow,Hematology,
51304,CD103,Bone Marrow,Hematology,
51305,CD117,Bone Marrow,Hematology,
51306,CD11c,Bone Marrow,Hematology,
51307,CD13,Bone Marrow,Hematology,
51308,CD138,Bone Marrow,Hematology,
51309,CD14,Bone Marrow,Hematology,
51310,CD15,Bone Marrow,Hematology,
51311,CD16,Bone Marrow,Hematology,
51312,CD16/56,Bone Marrow,Hematology,
51313,CD19,Bone Marrow,Hematology,
52314,CD 1a,Bone Marrow,Hematology,
51314,CD2,Bone Marrow,Hematology,
51315,CD20,Bone Marrow,Hematology,
51316,CD22,Bone Marrow,Hematology,
51318,CD25,Bone Marrow,Hematology,
51319,CD3,Bone Marrow,Hematology,
52315,CD30,Bone Marrow,Hematology,
51320,CD33,Bone Marrow,Hematology,
51321,CD34,Bone Marrow,Hematology,
51322,CD38,Bone Marrow,Hematology,
51323,CD4,Bone Marrow,Hematology,
51324,CD41,Bone Marrow,Hematology,
52316,CD42,Bone Marrow,Hematology,
51325,CD45,Bone Marrow,Hematology,
51326,CD5,Bone Marrow,Hematology,
52317,CD52,Bone Marrow,Hematology,
51327,CD55,Bone Marrow,Hematology,
51328,CD56,Bone Marrow,Hematology,
51329,CD57,Bone Marrow,Hematology,
51330,CD59,Bone Marrow,Hematology,
52318,CD61,Bone Marrow,Hematology,
52319,CD62,Bone Marrow,Hematology,
51331,CD64,Bone Marrow,Hematology,
51332,CD7,Bone Marrow,Hematology,
51333,CD71,Bone Marrow,Hematology,
51334,CD8,Bone Marrow,Hematology,
52320,Chloroacetate Esterase,Bone Marrow,Hematology,
51335,FMC-7,Bone Marrow,Hematology,
51336,Glyco A,Bone Marrow,Hematology,
51337,HLA-DR,Bone Marrow,Hematology,
51338,Immunophenotyping,Bone Marrow,Hematology,
51339,Iron Stain,Bone Marrow,Hematology,
52987,Iron Stain,Bone Marrow,Hematology,
51340,Kappa,Bone Marrow,Hematology,
51341,Lambda,Bone Marrow,Hematology,
52321,Naphthol Acetate Stain,Bone Marrow,Hematology,
52322,Naphthol Butryrate,Bone Marrow,Hematology,
52323,Periodic Schiff Stain,Bone Marrow,Hematology,
52324,Peroxidase Stain,Bone Marrow,Hematology,
52325,Sudan Black Stain,Bone Marrow,Hematology,
52326,TCR Alpha-Beta,Bone Marrow,Hematology,
52327,TCR Gamma-Delta,Bone Marrow,Hematology,
52330,TdT,Bone Marrow,Hematology,
52328,Tr-acid,Bone Marrow,Hematology,
52329,Voided Specimen,Bone Marrow,Hematology,
51342,Wright Giemsa,Bone Marrow,Hematology,
51365,Atypical Lymphocytes,Joint Fluid,Hematology,
52286,Atyps#,Joint Fluid,Hematology,
51366,Bands,Joint Fluid,Hematology,
52287,Bands#,Joint Fluid,Hematology,
51367,Basophils,Joint Fluid,Hematology,
52288,Basos#,Joint Fluid,Hematology,
52289,Blasts,Joint Fluid,Hematology,
52290,Blasts#,Joint Fluid,Hematology,
52291,Eos#,Joint Fluid,Hematology,
51368,Eosinophils,Joint Fluid,Hematology,
51369,"Hematocrit, Joint Fluid",Joint Fluid,Hematology,
52292,Histio#,Joint Fluid,Hematology,
52293,Histiocyte,Joint Fluid,Hematology,
52294,Hypersegmented Neutrophils,Joint Fluid,Hematology,
52295,Hypersegmented Neutrophils #,Joint Fluid,Hematology,
51370,"Joint Crystals, Birefringence",Joint Fluid,Hematology,
51371,"Joint Crystals, Comment",Joint Fluid,Hematology,
51372,"Joint Crystals, Location",Joint Fluid,Hematology,
51373,"Joint Crystals, Number",Joint Fluid,Hematology,
51374,"Joint Crystals, Shape",Joint Fluid,Hematology,
52296,Lining Cell,Joint Fluid,Hematology,
51375,Lymphocytes,Joint Fluid,Hematology,
52297,Lymphs#,Joint Fluid,Hematology,
51376,Macrophage,Joint Fluid,Hematology,
51377,Mesothelial Cells,Joint Fluid,Hematology,
51378,Metamyelocytes,Joint Fluid,Hematology,
52298,Metas#,Joint Fluid,Hematology,
51379,Monocytes,Joint Fluid,Hematology,
52299,Monos#,Joint Fluid,Hematology,
52300,Myelocytes,Joint Fluid,Hematology,
52301,Myelos#,Joint Fluid,Hematology,
51380,NRBC,Joint Fluid,Hematology,
53007,NRBC,Joint Fluid,Hematology,
51381,Other,Joint Fluid,Hematology,
52302,Plasma,Joint Fluid,Hematology,
52303,Plasma#,Joint Fluid,Hematology,
51382,Polys,Joint Fluid,Hematology,
52304,Polys#,Joint Fluid,Hematology,
52305,Promyelo#,Joint Fluid,Hematology,
52306,Promyelocytes,Joint Fluid,Hematology,
51383,"RBC, Joint Fluid",Joint Fluid,Hematology,
52307,"Total Nucleated Cells, Joint",Joint Fluid,Hematology,
52308,Voided Specimen,Joint Fluid,Hematology,
52309,Young,Joint Fluid,Hematology,
52310,Young#,Joint Fluid,Hematology,
51385,Atypical Lymphocytes,Other Body Fluid,Hematology,
52331,Atyps#,Other Body Fluid,Hematology,
51386,Bands,Other Body Fluid,Hematology,
52332,Bands#,Other Body Fluid,Hematology,
51387,Basophils,Other Body Fluid,Hematology,
52333,Basos#,Other Body Fluid,Hematology,
52334,Blasts,Other Body Fluid,Hematology,
52335,Blasts#,Other Body Fluid,Hematology,
51388,CD10,Other Body Fluid,Hematology,
51389,CD103,Other Body Fluid,Hematology,
51390,CD117,Other Body Fluid,Hematology,
51391,CD11c,Other Body Fluid,Hematology,
51392,CD13,Other Body Fluid,Hematology,
51393,CD138,Other Body Fluid,Hematology,
51394,CD14,Other Body Fluid,Hematology,
51395,CD15,Other Body Fluid,Hematology,
51396,CD16,Other Body Fluid,Hematology,
51397,CD16/56,Other Body Fluid,Hematology,
51398,CD19,Other Body Fluid,Hematology,
52336,CD 1a,Other Body Fluid,Hematology,
51399,CD2,Other Body Fluid,Hematology,
51400,CD20,Other Body Fluid,Hematology,
51401,CD22,Other Body Fluid,Hematology,
51402,CD23,Other Body Fluid,Hematology,
51403,CD25,Other Body Fluid,Hematology,
51404,CD3,Other Body Fluid,Hematology,
52337,CD30,Other Body Fluid,Hematology,
51405,CD33,Other Body Fluid,Hematology,
51406,CD34,Other Body Fluid,Hematology,
51407,CD38,Other Body Fluid,Hematology,
51408,CD4,Other Body Fluid,Hematology,
51410,CD41,Other Body Fluid,Hematology,
52338,CD42,Other Body Fluid,Hematology,
51411,CD45,Other Body Fluid,Hematology,
51409,CD4/CD8 Ratio,Other Body Fluid,Hematology,
51412,CD5,Other Body Fluid,Hematology,
52339,CD52,Other Body Fluid,Hematology,
52340,CD55,Other Body Fluid,Hematology,
51413,CD56,Other Body Fluid,Hematology,
51414,CD57,Other Body Fluid,Hematology,
52341,CD59,Other Body Fluid,Hematology,
52342,CD61,Other Body Fluid,Hematology,
52343,CD62,Other Body Fluid,Hematology,
51415,CD64,Other Body Fluid,Hematology,
51416,CD7,Other Body Fluid,Hematology,
51417,CD71,Other Body Fluid,Hematology,
51418,CD8,Other Body Fluid,Hematology,
52344,Chloroac,Other Body Fluid,Hematology,
52345,Eos#,Other Body Fluid,Hematology,
51419,Eosinophils,Other Body Fluid,Hematology,
52346,Fetal Hgb,Other Body Fluid,Hematology,
52347,FETAL LUNG MATURITY - LBC,Other Body Fluid,Hematology,
51420,FMC-7,Other Body Fluid,Hematology,
51421,Glyco A,Other Body Fluid,Hematology,
51422,"Hematocrit, Other Fluid",Other Body Fluid,Hematology,
52348,Histiocyte#,Other Body Fluid,Hematology,
52349,Histiocytes,Other Body Fluid,Hematology,
51423,HLA-DR,Other Body Fluid,Hematology,
52350,Hypersegmented Neutrophils,Other Body Fluid,Hematology,
52351,Hypersegmented Neutrophils#,Other Body Fluid,Hematology,
51424,Immunophenotyping,Other Body Fluid,Hematology,
52352,Iron,Other Body Fluid,Hematology,
51425,Kappa,Other Body Fluid,Hematology,
51426,Lambda,Other Body Fluid,Hematology,
52353,Lining Cell,Other Body Fluid,Hematology,
51427,Lymphocytes,Other Body Fluid,Hematology,
52354,Lymphs#,Other Body Fluid,Hematology,
51428,Macrophage,Other Body Fluid,Hematology,
51429,Mesothelial cells,Other Body Fluid,Hematology,
51430,Metamyelocytes,Other Body Fluid,Hematology,
52355,Metamyelocytes#,Other Body Fluid,Hematology,
51431,Monos,Other Body Fluid,Hematology,
52356,Monos#,Other Body Fluid,Hematology,
51432,Myelocytes,Other Body Fluid,Hematology,
52357,Myelos#,Other Body Fluid,Hematology,
51433,NRBC,Other Body Fluid,Hematology,
52358,NRBC#,Other Body Fluid,Hematology,
51434,Other Cell,Other Body Fluid,Hematology,
51435,Plasma,Other Body Fluid,Hematology,
52359,Plasma#,Other Body Fluid,Hematology,
51436,Polys,Other Body Fluid,Hematology,
52360,Polys#,Other Body Fluid,Hematology,
52361,Promyelocyte#,Other Body Fluid,Hematology,
51437,Promyelocytes,Other Body Fluid,Hematology,
51438,"RBC, Other Fluid",Other Body Fluid,Hematology,
52362,TCR Alpha-Beta,Other Body Fluid,Hematology,
52363,TCR Gamma-Delta,Other Body Fluid,Hematology,
52368,TdT,Other Body Fluid,Hematology,
52364,"Total Nucleated Cells, Other",Other Body Fluid,Hematology,
52365,Voided Specimen,Other Body Fluid,Hematology,
52366,Young,Other Body Fluid,Hematology,
52367,Young#,Other Body Fluid,Hematology,
52369,,Other Body Fluid,Hematology,
52216,Atypical Lymphocytes,Cerebrospinal Fluid,Hematology,
52217,Atyps#,Cerebrospinal Fluid,Hematology,
52218,Bands,Cerebrospinal Fluid,Hematology,
52219,Bands#,Cerebrospinal Fluid,Hematology,
52220,Basophils,Cerebrospinal Fluid,Hematology,
52221,Basos#,Cerebrospinal Fluid,Hematology,
52222,Blasts,Cerebrospinal Fluid,Hematology,
52223,Blasts#,Cerebrospinal Fluid,Hematology,
52224,Delete,Cerebrospinal Fluid,Hematology,
52225,Delete,Cerebrospinal Fluid,Hematology,
52226,Delete,Cerebrospinal Fluid,Hematology,
52227,Delete,Cerebrospinal Fluid,Hematology,
52228,Delete,Cerebrospinal Fluid,Hematology,
52229,Delete,Cerebrospinal Fluid,Hematology,
52230,Delete,Cerebrospinal Fluid,Hematology,
52231,Delete,Cerebrospinal Fluid,Hematology,
52232,Delete,Cerebrospinal Fluid,Hematology,
52233,Delete,Cerebrospinal Fluid,Hematology,
52234,Delete,Cerebrospinal Fluid,Hematology,
52235,Delete,Cerebrospinal Fluid,Hematology,
52236,Delete,Cerebrospinal Fluid,Hematology,
52237,Delete,Cerebrospinal Fluid,Hematology,
52238,Delete,Cerebrospinal Fluid,Hematology,
52239,Delete,Cerebrospinal Fluid,Hematology,
52240,Delete,Cerebrospinal Fluid,Hematology,
52241,Delete,Cerebrospinal Fluid,Hematology,
52242,Delete,Cerebrospinal Fluid,Hematology,
52243,Delete,Cerebrospinal Fluid,Hematology,
52244,Delete,Cerebrospinal Fluid,Hematology,
52245,Delete,Cerebrospinal Fluid,Hematology,
52246,Delete,Cerebrospinal Fluid,Hematology,
52247,Delete,Cerebrospinal Fluid,Hematology,
52248,Delete,Cerebrospinal Fluid,Hematology,
52249,Delete,Cerebrospinal Fluid,Hematology,
52250,Eos#,Cerebrospinal Fluid,Hematology,
52251,Eosinophils,Cerebrospinal Fluid,Hematology,
52252,"Hematocrit, CSF",Cerebrospinal Fluid,Hematology,
52253,Histiocyte,Cerebrospinal Fluid,Hematology,
52254,Histiocytes#,Cerebrospinal Fluid,Hematology,
52255,Hypersegmented Neutrophils,Cerebrospinal Fluid,Hematology,
52256,Hypersegmented Neutrophils #,Cerebrospinal Fluid,Hematology,
52257,Immunophenotyping,Cerebrospinal Fluid,Hematology,
52258,Lining Cell,Cerebrospinal Fluid,Hematology,
52259,Lymphs,Cerebrospinal Fluid,Hematology,
52260,Lymphs#,Cerebrospinal Fluid,Hematology,
52261,Macrophage,Cerebrospinal Fluid,Hematology,
52262,Macrophage#,Cerebrospinal Fluid,Hematology,
52263,Mesothelial cells,Cerebrospinal Fluid,Hematology,
52264,Mesothelial cells #,Cerebrospinal Fluid,Hematology,
52265,Metamyelocytes,Cerebrospinal Fluid,Hematology,
52266,Metas#,Cerebrospinal Fluid,Hematology,
52267,Monocytes,Cerebrospinal Fluid,Hematology,
52268,Monos#,Cerebrospinal Fluid,Hematology,
52269,Myelocytes,Cerebrospinal Fluid,Hematology,
52270,Myelos#,Cerebrospinal Fluid,Hematology,
52271,NRBC,Cerebrospinal Fluid,Hematology,
52272,NRBC#,Cerebrospinal Fluid,Hematology,
52273,Other,Cerebrospinal Fluid,Hematology,
52274,Plasma,Cerebrospinal Fluid,Hematology,
52275,Plasma#,Cerebrospinal Fluid,Hematology,
52276,Polys,Cerebrospinal Fluid,Hematology,
52277,Polys#,Cerebrospinal Fluid,Hematology,
52278,Promyelocytes,Cerebrospinal Fluid,Hematology,
52279,Promyelocytes#,Cerebrospinal Fluid,Hematology,
52280,"RBC, CSF",Cerebrospinal Fluid,Hematology,
52281,"Total Nucleated Cells, CSF",Cerebrospinal Fluid,Hematology,
52282,Voided Specimen,Cerebrospinal Fluid,Hematology,
52283,Young,Cerebrospinal Fluid,Hematology,
52284,Young#,Cerebrospinal Fluid,Hematology,